,name,age,age-group
0,BRN3C2AF4AEB56C_0000000013.jpg,56,4
1,BRN3C2AF4AEB56C_0000000014.jpg,56,4
2,BRN3C2AF4AEB56C_0000000015.jpg,56,4
3,BRN3C2AF4AEB56C_0000000016.jpg,41,3
4,BRN3C2AF4AEB56C_0000000017.jpg,41,3
5,BRN3C2AF4AEB56C_0000000018.jpg,41,3
6,BRN3C2AF4AEB56C_0000000019.jpg,41,3
7,BRN3C2AF4AEB56C_0000000020.jpg,41,3
8,BRN3C2AF4AEB56C_0000000021.jpg,41,3
9,BRN3C2AF4AEB56C_0000000022.jpg,41,3
10,BRN3C2AF4AEB56C_0000000023.jpg,45,3
11,BRN3C2AF4AEB56C_0000000024.jpg,41,3
12,BRN3C2AF4AEB56C_0000000025.jpg,41,3
13,BRN3C2AF4AEB56C_0000000026.jpg,41,3
14,BRN3C2AF4AEB56C_0000000027.jpg,41,3
15,BRN3C2AF4AEB56C_0000000028.jpg,11,1
16,BRN3C2AF4AEB56C_0000000029.jpg,11,1
17,BRN3C2AF4AEB56C_0000000030.jpg,11,1
18,BRN3C2AF4AEB56C_0000000031.jpg,11,1
19,BRN3C2AF4AEB56C_0000000032.jpg,11,1
20,BRN3C2AF4AEB56C_0000000033.jpg,11,1
21,BRN3C2AF4AEB56C_0000000034.jpg,11,1
22,BRN3C2AF4AEB56C_0000000035.jpg,11,1
23,BRN3C2AF4AEB56C_0000000036.jpg,11,1
24,BRN3C2AF4AEB56C_0000000037.jpg,11,1
25,BRN3C2AF4AEB56C_0000000038.jpg,11,1
26,BRN3C2AF4AEB56C_0000000039.jpg,11,1
27,BRN3C2AF4AEB56C_0000000040.jpg,14,1
28,BRN3C2AF4AEB56C_0000000044.jpg,11,1
29,BRN3C2AF4AEB56C_0000000045.jpg,11,1
30,BRN3C2AF4AEB56C_0000000046.jpg,11,1
31,BRN3C2AF4AEB56C_0000000049.jpg,11,1
32,BRN3C2AF4AEB56C_0000000052.jpg,14,1
33,BRN3C2AF4AEB56C_0000000053.jpg,11,1
34,BRN3C2AF4AEB56C_0000000054.jpg,11,1
35,BRN3C2AF4AEB56C_0000000057.jpg,11,1
36,BRN3C2AF4AEB56C_0000000058.jpg,14,1
37,BRN3C2AF4AEB56C_0000000060.jpg,11,1
38,BRN3C2AF4AEB56C_0000000062.jpg,11,1
39,BRN3C2AF4AEB56C_0000000063.jpg,11,1
40,BRN3C2AF4AEB56C_0000000065.jpg,11,1
41,BRN3C2AF4AEB56C_0000000068.jpg,37,3
42,BRN3C2AF4AEB56C_0000000071.jpg,37,3
43,BRN3C2AF4AEB56C_0000000072.jpg,37,3
44,BRN3C2AF4AEB56C_0000000073.jpg,37,3
45,BRN3C2AF4AEB56C_0000000074.jpg,37,3
46,BRN3C2AF4AEB56C_0000000075.jpg,37,3
47,BRN3C2AF4AEB56C_0000000076.jpg,32,3
48,BRN3C2AF4AEB56C_0000000077.jpg,37,3
49,BRN3C2AF4AEB56C_0000000079.jpg,37,3
50,BRN3C2AF4AEB56C_0000000081.jpg,32,3
51,BRN3C2AF4AEB56C_0000000084.jpg,37,3
52,BRN3C2AF4AEB56C_0000000085.jpg,32,3
53,BRN3C2AF4AEB56C_0000000388.jpg,22,2
54,BRN3C2AF4AEB56C_0000000389.jpg,22,2
55,BRN3C2AF4AEB56C_0000000390.jpg,24,2
56,BRN3C2AF4AEB56C_0000000391.jpg,24,2
57,BRN3C2AF4AEB56C_0000000392.jpg,24,2
58,BRN3C2AF4AEB56C_0000000402.jpg,30,3
59,BRN3C2AF4AEB56C_0000000403.jpg,26,3
60,BRN3C2AF4AEB56C_0000000405.jpg,27,3
61,BRN3C2AF4AEB56C_0000000406.jpg,22,2
62,BRN3C2AF4AEB56C_0000000408.jpg,18,2
63,BRN3C2AF4AEB56C_0000000409.jpg,18,2
64,BRN3C2AF4AEB56C_0000000410.jpg,18,2
65,BRN3C2AF4AEB56C_0000000411.jpg,18,2
66,BRN3C2AF4AEB56C_0000000412.jpg,18,2
67,BRN3C2AF4AEB56C_0000000413.jpg,18,2
68,BRN3C2AF4AEB56C_0000000414.jpg,18,2
69,BRN3C2AF4AEB56C_0000000415.jpg,18,2
70,BRN3C2AF4AEB56C_0000000417.jpg,27,3
71,BRN3C2AF4AEB56C_0000000418.jpg,29,3
72,BRN3C2AF4AEB56C_0000000419.jpg,28,3
73,BRN3C2AF4AEB56C_0000000420.jpg,27,3
74,BRN3C2AF4AEB56C_0000000422.jpg,22,2
75,BRN3C2AF4AEB56C_0000000423.jpg,16,2
76,BRN3C2AF4AEB56C_0000000424.jpg,20,2
77,BRN3C2AF4AEB56C_0000000426.jpg,22,2
78,BRN3C2AF4AEB56C_0000000427.jpg,22,2
79,BRN3C2AF4AEB56C_0000000429.jpg,22,2
80,BRN3C2AF4AEB56C_0000000431.jpg,22,2
81,BRN3C2AF4AEB56C_0000000432.jpg,22,2
82,BRN3C2AF4AEB56C_0000000433.jpg,27,3
83,BRN3C2AF4AEB56C_0000000434.jpg,19,2
84,BRN3C2AF4AEB56C_0000000435.jpg,19,2
85,BRN3C2AF4AEB56C_0000000436.jpg,18,2
86,BRN3C2AF4AEB56C_0000000437.jpg,18,2
87,BRN3C2AF4AEB56C_0000000438.jpg,18,2
88,BRN3C2AF4AEB56C_0000000439.jpg,18,2
89,BRN3C2AF4AEB56C_0000000440.jpg,18,2
90,BRN3C2AF4AEB56C_0000000441.jpg,24,2
91,BRN3C2AF4AEB56C_0000000442.jpg,19,2
92,BRN3C2AF4AEB56C_0000000443.jpg,24,2
93,BRN3C2AF4AEB56C_0000000444.jpg,24,2
94,BRN3C2AF4AEB56C_0000000445.jpg,25,1
95,BRN3C2AF4AEB56C_0000000446.jpg,18,2
96,BRN3C2AF4AEB56C_0000000447.jpg,18,2
97,BRN3C2AF4AEB56C_0000000448.jpg,18,2
98,BRN3C2AF4AEB56C_0000000449.jpg,18,2
99,BRN3C2AF4AEB56C_0000000451.jpg,18,2
100,BRN3C2AF4AEB56C_0000000453.jpg,28,3
101,BRN3C2AF4AEB56C_0000000454.jpg,18,2
102,BRN3C2AF4AEB56C_0000000455.jpg,18,2
103,BRN3C2AF4AEB56C_0000000456.jpg,20,2
104,BRN3C2AF4AEB56C_0000000457.jpg,20,2
105,BRN3C2AF4AEB56C_0000000458.jpg,20,2
106,BRN3C2AF4AEB56C_0000000459.jpg,30,3
107,BRN3C2AF4AEB56C_0000000460.jpg,22,2
108,BRN3C2AF4AEB56C_0000000461.jpg,21,2
109,BRN3C2AF4AEB56C_0000000462.jpg,33,3
110,BRN3C2AF4AEB56C_0000000463.jpg,33,3
111,BRN3C2AF4AEB56C_0000000464.jpg,33,3
112,BRN3C2AF4AEB56C_0000000465.jpg,33,3
113,BRN3C2AF4AEB56C_0000000466.jpg,33,3
114,BRN3C2AF4AEB56C_0000000467.jpg,33,3
115,BRN3C2AF4AEB56C_0000000468.jpg,33,3
116,BRN3C2AF4AEB56C_0000000469.jpg,37,3
117,BRN3C2AF4AEB56C_0000000470.jpg,23,2
118,BRN3C2AF4AEB56C_0000000471.jpg,23,2
119,BRN3C2AF4AEB56C_0000000472.jpg,23,2
120,BRN3C2AF4AEB56C_0000000473.jpg,23,2
121,BRN3C2AF4AEB56C_0000000474.jpg,58,4
122,BRN3C2AF4AEB56C_0000000475.jpg,58,4
123,BRN3C2AF4AEB56C_0000000476.jpg,58,4
124,BRN3C2AF4AEB56C_0000000477.jpg,58,4
125,BRN3C2AF4AEB56C_0000000478.jpg,24,2
126,BRN3C2AF4AEB56C_0000000479.jpg,24,2
127,BRN3C2AF4AEB56C_0000000480.jpg,24,2
128,BRN3C2AF4AEB56C_0000000482.jpg,25,1
129,BRN3C2AF4AEB56C_0000000483.jpg,25,1
130,BRN3C2AF4AEB56C_0000000484.jpg,25,1
131,BRN3C2AF4AEB56C_0000000485.jpg,25,1
132,BRN3C2AF4AEB56C_0000000487.jpg,26,3
133,BRN3C2AF4AEB56C_0000000488.jpg,36,3
134,BRN3C2AF4AEB56C_0000000490.jpg,25,1
135,BRN3C2AF4AEB56C_0000000491.jpg,26,3
136,BRN3C2AF4AEB56C_0000000492.jpg,26,3
137,BRN3C2AF4AEB56C_0000000493.jpg,26,3
138,BRN3C2AF4AEB56C_0000000494.jpg,26,3
139,BRN3C2AF4AEB56C_0000000495.jpg,26,3
140,BRN3C2AF4AEB56C_0000000496.jpg,26,3
141,BRN3C2AF4AEB56C_0000000497.jpg,26,3
142,BRN3C2AF4AEB56C_0000000499.jpg,23,2
143,BRN3C2AF4AEB56C_0000000500.jpg,23,2
144,BRN3C2AF4AEB56C_0000000502.jpg,24,2
145,BRN3C2AF4AEB56C_0000000503.jpg,24,2
146,BRN3C2AF4AEB56C_0000000504.jpg,24,2
147,BRN3C2AF4AEB56C_0000000505.jpg,27,3
148,BRN3C2AF4AEB56C_0000000506.jpg,24,2
149,BRN3C2AF4AEB56C_0000000507.jpg,24,2
150,BRN3C2AF4AEB56C_0000000508.jpg,24,2
151,BRN3C2AF4AEB56C_0000000509.jpg,24,2
152,BRN3C2AF4AEB56C_0000000510.jpg,37,3
153,BRN3C2AF4AEB56C_0000000513.jpg,23,2
154,BRN3C2AF4AEB56C_0000000514.jpg,47,3
155,BRN3C2AF4AEB56C_0000000515.jpg,44,3
156,BRN3C2AF4AEB56C_0000000516.jpg,24,2
157,BRN3C2AF4AEB56C_0000000517.jpg,13,1
158,BRN3C2AF4AEB56C_0000000518.jpg,13,1
159,BRN3C2AF4AEB56C_0000000519.jpg,28,3
160,BRN3C2AF4AEB56C_0000000520.jpg,28,3
161,BRN3C2AF4AEB56C_0000000521.jpg,13,1
162,BRN3C2AF4AEB56C_0000000527.jpg,18,2
163,BRN3C2AF4AEB56C_0000000528.jpg,24,2
164,BRN3C2AF4AEB56C_0000000529.jpg,18,2
165,BRN3C2AF4AEB56C_0000000530.jpg,18,2
166,BRN3C2AF4AEB56C_0000000531.jpg,18,2
167,BRN3C2AF4AEB56C_0000000532.jpg,18,2
168,BRN3C2AF4AEB56C_0000000534.jpg,18,2
169,BRN3C2AF4AEB56C_0000000535.jpg,18,2
170,BRN3C2AF4AEB56C_0000000536.jpg,18,2
171,BRN3C2AF4AEB56C_0000000538.jpg,18,2
172,BRN3C2AF4AEB56C_0000000539.jpg,18,2
173,BRN3C2AF4AEB56C_0000000540.jpg,18,2
174,BRN3C2AF4AEB56C_0000000541.jpg,21,2
175,BRN3C2AF4AEB56C_0000000542.jpg,43,3
176,BRN3C2AF4AEB56C_0000000544.jpg,13,1
177,BRN3C2AF4AEB56C_0000000545.jpg,13,1
178,BRN3C2AF4AEB56C_0000000546.jpg,13,1
179,BRN3C2AF4AEB56C_0000000547.jpg,17,2
180,BRN3C2AF4AEB56C_0000000548.jpg,17,2
181,BRN3C2AF4AEB56C_0000000549.jpg,13,1
182,BRN3C2AF4AEB56C_0000000551.jpg,43,3
183,BRN3C2AF4AEB56C_0000000552.jpg,43,3
184,BRN3C2AF4AEB56C_0000000554.jpg,23,2
185,BRN3C2AF4AEB56C_0000000555.jpg,24,2
186,BRN3C2AF4AEB56C_0000000556.jpg,24,2
187,BRN3C2AF4AEB56C_0000000557.jpg,24,2
188,BRN3C2AF4AEB56C_0000000558.jpg,24,2
189,BRN3C2AF4AEB56C_0000000559.jpg,21,2
190,BRN3C2AF4AEB56C_0000000560.jpg,22,2
191,BRN3C2AF4AEB56C_0000000561.jpg,22,2
192,BRN3C2AF4AEB56C_0000000562.jpg,22,2
193,BRN3C2AF4AEB56C_0000000563.jpg,22,2
194,BRN3C2AF4AEB56C_0000000564.jpg,22,2
195,BRN3C2AF4AEB56C_0000000565.jpg,22,2
196,BRN3C2AF4AEB56C_0000000566.jpg,21,2
197,BRN3C2AF4AEB56C_0000000567.jpg,21,2
198,BRN3C2AF4AEB56C_0000000568.jpg,21,2
199,BRN3C2AF4AEB56C_0000000569.jpg,21,2
200,BRN3C2AF4AEB56C_0000000570.jpg,12,1
201,BRN3C2AF4AEB56C_0000000571.jpg,18,2
202,BRN3C2AF4AEB56C_0000000572.jpg,19,2
203,BRN3C2AF4AEB56C_0000000573.jpg,24,2
204,BRN3C2AF4AEB56C_0000000574.jpg,29,3
205,BRN3C2AF4AEB56C_0000000575.jpg,29,3
206,BRN3C2AF4AEB56C_0000000576.jpg,29,3
207,BRN3C2AF4AEB56C_0000000577.jpg,24,2
208,BRN3C2AF4AEB56C_0000000578.jpg,12,1
209,BRN3C2AF4AEB56C_0000000579.jpg,27,3
210,BRN3C2AF4AEB56C_0000000580.jpg,27,3
211,BRN3C2AF4AEB56C_0000000581.jpg,27,3
212,BRN3C2AF4AEB56C_0000000582.jpg,24,2
213,BRN3C2AF4AEB56C_0000000583.jpg,34,3
214,BRN3C2AF4AEB56C_0000000584.jpg,24,2
215,BRN3C2AF4AEB56C_0000000614.jpg,43,3
216,BRN3C2AF4AEB56C_0000000615.jpg,43,3
217,BRN3C2AF4AEB56C_0000000616.jpg,43,3
218,BRN3C2AF4AEB56C_0000000617.jpg,42,3
219,BRN3C2AF4AEB56C_0000000618.jpg,42,3
220,BRN3C2AF4AEB56C_0000000619.jpg,42,3
221,BRN3C2AF4AEB56C_0000000620.jpg,44,3
222,BRN3C2AF4AEB56C_0000000621.jpg,48,3
223,BRN3C2AF4AEB56C_0000000622.jpg,48,3
224,BRN3C2AF4AEB56C_0000000623.jpg,57,4
225,BRN3C2AF4AEB56C_0000000624.jpg,57,4
226,BRN3C2AF4AEB56C_0000000625.jpg,57,4
227,BRN3C2AF4AEB56C_0000000626.jpg,26,3
228,BRN3C2AF4AEB56C_0000000627.jpg,26,3
229,BRN3C2AF4AEB56C_0000000629.jpg,60,4
230,BRN3C2AF4AEB56C_0000000630.jpg,47,3
231,BRN3C2AF4AEB56C_0000000638.jpg,49,3
232,BRN3C2AF4AEB56C_0000000639.jpg,12,1
233,BRN3C2AF4AEB56C_0000000640.jpg,12,1
234,BRN3C2AF4AEB56C_0000000642.jpg,12,1
235,BRN3C2AF4AEB56C_0000000643.jpg,12,1
236,BRN3C2AF4AEB56C_0000000644.jpg,13,1
237,BRN3C2AF4AEB56C_0000000645.jpg,12,1
238,BRN3C2AF4AEB56C_0000000646.jpg,12,1
239,BRN3C2AF4AEB56C_0000000647.jpg,13,1
240,BRN3C2AF4AEB56C_0000000648.jpg,13,1
241,BRN3C2AF4AEB56C_0000000649.jpg,12,1
242,BRN3C2AF4AEB56C_0000000650.jpg,43,3
243,BRN3C2AF4AEB56C_0000000651.jpg,12,1
244,BRN3C2AF4AEB56C_0000000652.jpg,13,1
245,BRN3C2AF4AEB56C_0000000653.jpg,12,1
246,BRN3C2AF4AEB56C_0000000654.jpg,12,1
247,BRN3C2AF4AEB56C_0000000655.jpg,13,1
248,BRN3C2AF4AEB56C_0000000656.jpg,47,3
249,BRN3C2AF4AEB56C_0000000658.jpg,14,1
250,BRN3C2AF4AEB56C_0000000659.jpg,13,1
251,BRN3C2AF4AEB56C_0000000660.jpg,13,1
252,BRN3C2AF4AEB56C_0000000661.jpg,14,1
253,BRN3C2AF4AEB56C_0000000662.jpg,12,1
254,BRN3C2AF4AEB56C_0000000663.jpg,13,1
255,BRN3C2AF4AEB56C_0000000664.jpg,14,1
256,BRN3C2AF4AEB56C_0000000666.jpg,13,1
257,BRN3C2AF4AEB56C_0000000667.jpg,15,1
258,BRN3C2AF4AEB56C_0000000668.jpg,13,1
259,BRN3C2AF4AEB56C_0000000669.jpg,13,1
260,BRN3C2AF4AEB56C_0000000670.jpg,13,1
261,BRN3C2AF4AEB56C_0000000671.jpg,12,1
262,BRN3C2AF4AEB56C_0000000672.jpg,15,1
263,BRN3C2AF4AEB56C_0000000674.jpg,12,1
264,BRN3C2AF4AEB56C_0000000676.jpg,12,1
265,BRN3C2AF4AEB56C_0000000678.jpg,27,3
266,BRN3C2AF4AEB56C_0000000679.jpg,13,1
267,BRN3C2AF4AEB56C_0000000681.jpg,13,1
268,BRN3C2AF4AEB56C_0000000682.jpg,17,2
269,BRN3C2AF4AEB56C_0000000683.jpg,13,1
270,BRN3C2AF4AEB56C_0000000684.jpg,15,1
271,BRN3C2AF4AEB56C_0000000685.jpg,13,1
272,BRN3C2AF4AEB56C_0000000686.jpg,13,1
273,BRN3C2AF4AEB56C_0000000687.jpg,13,1
274,BRN3C2AF4AEB56C_0000000688.jpg,14,1
275,BRN3C2AF4AEB56C_0000000689.jpg,15,1
276,BRN3C2AF4AEB56C_0000000691.jpg,14,1
277,BRN3C2AF4AEB56C_0000000692.jpg,15,1
278,BRN3C2AF4AEB56C_0000000693.jpg,5,1
279,BRN3C2AF4AEB56C_0000000694.jpg,34,3
280,BRN3C2AF4AEB56C_0000000695.jpg,15,1
281,BRN3C2AF4AEB56C_0000000696.jpg,15,1
282,BRN3C2AF4AEB56C_0000000697.jpg,15,1
283,BRN3C2AF4AEB56C_0000000698.jpg,14,1
284,BRN3C2AF4AEB56C_0000000699.jpg,45,3
285,BRN3C2AF4AEB56C_0000000700.jpg,45,3
286,BRN3C2AF4AEB56C_0000000701.jpg,14,1
287,BRN3C2AF4AEB56C_0000000702.jpg,14,1
288,BRN3C2AF4AEB56C_0000000703.jpg,44,3
289,BRN3C2AF4AEB56C_0000000704.jpg,44,3
290,BRN3C2AF4AEB56C_0000000707.jpg,14,1
291,BRN3C2AF4AEB56C_0000000708.jpg,14,1
292,BRN3C2AF4AEB56C_0000000709.jpg,14,1
293,BRN3C2AF4AEB56C_0000000710.jpg,14,1
294,BRN3C2AF4AEB56C_0000000711.jpg,14,1
295,BRN3C2AF4AEB56C_0000000712.jpg,14,1
296,BRN3C2AF4AEB56C_0000000716.jpg,14,1
297,BRN3C2AF4AEB56C_0000000717.jpg,14,1
298,BRN3C2AF4AEB56C_0000000718.jpg,14,1
299,BRN3C2AF4AEB56C_0000000720.jpg,14,1
300,BRN3C2AF4AEB56C_0000000722.jpg,15,1
301,BRN3C2AF4AEB56C_0000000723.jpg,14,1
302,BRN3C2AF4AEB56C_0000000724.jpg,14,1
303,BRN3C2AF4AEB56C_0000000725.jpg,25,1
304,BRN3C2AF4AEB56C_0000000726.jpg,15,1
305,BRN3C2AF4AEB56C_0000000729.jpg,14,1
306,BRN3C2AF4AEB56C_0000000730.jpg,14,1
307,BRN3C2AF4AEB56C_0000000731.jpg,15,1
308,BRN3C2AF4AEB56C_0000000732.jpg,15,1
309,BRN3C2AF4AEB56C_0000000734.jpg,11,1
310,BRN3C2AF4AEB56C_0000000736.jpg,15,1
311,BRN3C2AF4AEB56C_0000000737.jpg,15,1
312,BRN3C2AF4AEB56C_0000000739.jpg,15,1
313,BRN3C2AF4AEB56C_0000000740.jpg,45,3
314,BRN3C2AF4AEB56C_0000000741.jpg,15,1
315,BRN3C2AF4AEB56C_0000000742.jpg,15,1
316,BRN3C2AF4AEB56C_0000000743.jpg,15,1
317,BRN3C2AF4AEB56C_0000000744.jpg,15,1
318,BRN3C2AF4AEB56C_0000000745.jpg,15,1
319,BRN3C2AF4AEB56C_0000000746.jpg,15,1
320,BRN3C2AF4AEB56C_0000000747.jpg,15,1
321,BRN3C2AF4AEB56C_0000000748.jpg,16,2
322,BRN3C2AF4AEB56C_0000000749.jpg,15,1
323,BRN3C2AF4AEB56C_0000000750.jpg,25,1
324,BRN3C2AF4AEB56C_0000000751.jpg,15,1
325,BRN3C2AF4AEB56C_0000000752.jpg,15,1
326,BRN3C2AF4AEB56C_0000000753.jpg,15,1
327,BRN3C2AF4AEB56C_0000000754.jpg,15,1
328,BRN3C2AF4AEB56C_0000000755.jpg,14,1
329,BRN3C2AF4AEB56C_0000000756.jpg,14,1
330,BRN3C2AF4AEB56C_0000000757.jpg,14,1
331,BRN3C2AF4AEB56C_0000000758.jpg,14,1
332,BRN3C2AF4AEB56C_0000000759.jpg,14,1
333,BRN3C2AF4AEB56C_0000000760.jpg,14,1
334,BRN3C2AF4AEB56C_0000000761.jpg,14,1
335,BRN3C2AF4AEB56C_0000000763.jpg,19,2
336,BRN3C2AF4AEB56C_0000000764.jpg,15,1
337,BRN3C2AF4AEB56C_0000000765.jpg,40,3
338,BRN3C2AF4AEB56C_0000000766.jpg,15,1
339,BRN3C2AF4AEB56C_0000000768.jpg,14,1
340,BRN3C2AF4AEB56C_0000000769.jpg,14,1
341,BRN3C2AF4AEB56C_0000000771.jpg,14,1
342,BRN3C2AF4AEB56C_0000000772.jpg,15,1
343,BRN3C2AF4AEB56C_0000000773.jpg,44,3
344,BRN3C2AF4AEB56C_0000000774.jpg,14,1
345,BRN3C2AF4AEB56C_0000000775.jpg,14,1
346,BRN3C2AF4AEB56C_0000000776.jpg,44,3
347,BRN3C2AF4AEB56C_0000000777.jpg,14,1
348,BRN3C2AF4AEB56C_0000000778.jpg,14,1
349,BRN3C2AF4AEB56C_0000000779.jpg,15,1
350,BRN3C2AF4AEB56C_0000000780.jpg,26,3
351,BRN3C2AF4AEB56C_0000000781.jpg,14,1
352,BRN3C2AF4AEB56C_0000000782.jpg,44,3
353,BRN3C2AF4AEB56C_0000000783.jpg,14,1
354,BRN3C2AF4AEB56C_0000000784.jpg,14,1
355,BRN3C2AF4AEB56C_0000000791.jpg,15,1
356,BRN3C2AF4AEB56C_0000000792.jpg,46,3
357,BRN3C2AF4AEB56C_0000000793.jpg,21,2
358,BRN3C2AF4AEB56C_0000000794.jpg,12,1
359,BRN3C2AF4AEB56C_0000000795.jpg,14,1
360,BRN3C2AF4AEB56C_0000000796.jpg,14,1
361,BRN3C2AF4AEB56C_0000000797.jpg,15,1
362,BRN3C2AF4AEB56C_0000000798.jpg,15,1
363,BRN3C2AF4AEB56C_0000000799.jpg,12,1
364,BRN3C2AF4AEB56C_0000000800.jpg,45,3
365,BRN3C2AF4AEB56C_0000000801.jpg,14,1
366,BRN3C2AF4AEB56C_0000000803.jpg,14,1
367,BRN3C2AF4AEB56C_0000000804.jpg,13,1
368,BRN3C2AF4AEB56C_0000000806.jpg,11,1
369,BRN3C2AF4AEB56C_0000000807.jpg,11,1
370,BRN3C2AF4AEB56C_0000000808.jpg,44,3
371,BRN3C2AF4AEB56C_0000000809.jpg,14,1
372,BRN3C2AF4AEB56C_0000000811.jpg,15,1
373,BRN3C2AF4AEB56C_0000000812.jpg,14,1
374,BRN3C2AF4AEB56C_0000000814.jpg,14,1
375,BRN3C2AF4AEB56C_0000000815.jpg,14,1
376,BRN3C2AF4AEB56C_0000000816.jpg,14,1
377,BRN3C2AF4AEB56C_0000000817.jpg,14,1
378,BRN3C2AF4AEB56C_0000000818.jpg,14,1
379,BRN3C2AF4AEB56C_0000000819.jpg,15,1
380,BRN3C2AF4AEB56C_0000000820.jpg,15,1
381,BRN3C2AF4AEB56C_0000000821.jpg,13,1
382,BRN3C2AF4AEB56C_0000000822.jpg,14,1
383,BRN3C2AF4AEB56C_0000000823.jpg,14,1
384,BRN3C2AF4AEB56C_0000000826.jpg,15,1
385,BRN3C2AF4AEB56C_0000000828.jpg,14,1
386,BRN3C2AF4AEB56C_0000000829.jpg,14,1
387,BRN3C2AF4AEB56C_0000000831.jpg,14,1
388,BRN3C2AF4AEB56C_0000000832.jpg,14,1
389,BRN3C2AF4AEB56C_0000000834.jpg,14,1
390,BRN3C2AF4AEB56C_0000000835.jpg,14,1
391,BRN3C2AF4AEB56C_0000000836.jpg,14,1
392,BRN3C2AF4AEB56C_0000000843.jpg,43,3
393,BRN3C2AF4AEB56C_0000000844.jpg,43,3
394,BRN3C2AF4AEB56C_0000000847.jpg,43,3
395,BRN3C2AF4AEB56C_0000000848.jpg,43,3
396,BRN3C2AF4AEB56C_0000000850.jpg,43,3
397,BRN3C2AF4AEB56C_0000000851.jpg,12,1
398,BRN3C2AF4AEB56C_0000000852.jpg,15,1
399,BRN3C2AF4AEB56C_0000000853.jpg,13,1
400,BRN3C2AF4AEB56C_0000000854.jpg,15,1
401,BRN3C2AF4AEB56C_0000000856.jpg,15,1
402,BRN3C2AF4AEB56C_0000000857.jpg,15,1
403,BRN3C2AF4AEB56C_0000000859.jpg,16,2
404,BRN3C2AF4AEB56C_0000000860.jpg,15,1
405,BRN3C2AF4AEB56C_0000000861.jpg,15,1
406,BRN3C2AF4AEB56C_0000000862.jpg,15,1
407,BRN3C2AF4AEB56C_0000000864.jpg,15,1
408,BRN3C2AF4AEB56C_0000000865.jpg,15,1
409,BRN3C2AF4AEB56C_0000000866.jpg,15,1
410,BRN3C2AF4AEB56C_0000000867.jpg,15,1
411,BRN3C2AF4AEB56C_0000000868.jpg,15,1
412,BRN3C2AF4AEB56C_0000000870.jpg,16,2
413,BRN3C2AF4AEB56C_0000000871.jpg,15,1
414,BRN3C2AF4AEB56C_0000000872.jpg,16,2
415,BRN3C2AF4AEB56C_0000000873.jpg,15,1
416,BRN3C2AF4AEB56C_0000000874.jpg,15,1
417,BRN3C2AF4AEB56C_0000000876.jpg,15,1
418,BRN3C2AF4AEB56C_0000000877.jpg,16,2
419,BRN3C2AF4AEB56C_0000000878.jpg,15,1
420,BRN3C2AF4AEB56C_0000000879.jpg,16,2
421,BRN3C2AF4AEB56C_0000000880.jpg,15,1
422,BRN3C2AF4AEB56C_0000000882.jpg,15,1
423,BRN3C2AF4AEB56C_0000000883.jpg,15,1
424,BRN3C2AF4AEB56C_0000000884.jpg,15,1
425,BRN3C2AF4AEB56C_0000000885.jpg,15,1
426,BRN3C2AF4AEB56C_0000000886.jpg,15,1
427,BRN3C2AF4AEB56C_0000000887.jpg,15,1
428,BRN3C2AF4AEB56C_0000000888.jpg,15,1
429,BRN3C2AF4AEB56C_0000000889.jpg,16,2
430,BRN3C2AF4AEB56C_0000000890.jpg,15,1
431,BRN3C2AF4AEB56C_0000000891.jpg,15,1
432,BRN3C2AF4AEB56C_0000000892.jpg,15,1
433,BRN3C2AF4AEB56C_0000000893.jpg,15,1
434,BRN3C2AF4AEB56C_0000000894.jpg,16,2
435,BRN3C2AF4AEB56C_0000000896.jpg,17,2
436,BRN3C2AF4AEB56C_0000000897.jpg,15,1
437,BRN3C2AF4AEB56C_0000000900.jpg,15,1
438,BRN3C2AF4AEB56C_0000000901.jpg,15,1
439,BRN3C2AF4AEB56C_0000000904.jpg,14,1
440,BRN3C2AF4AEB56C_0000000905.jpg,14,1
441,BRN3C2AF4AEB56C_0000000906.jpg,14,1
442,BRN3C2AF4AEB56C_0000000907.jpg,14,1
443,BRN3C2AF4AEB56C_0000000908.jpg,14,1
444,BRN3C2AF4AEB56C_0000000909.jpg,14,1
445,BRN3C2AF4AEB56C_0000000910.jpg,14,1
446,BRN3C2AF4AEB56C_0000000911.jpg,15,1
447,BRN3C2AF4AEB56C_0000000913.jpg,14,1
448,BRN3C2AF4AEB56C_0000000914.jpg,14,1
449,BRN3C2AF4AEB56C_0000000915.jpg,14,1
450,BRN3C2AF4AEB56C_0000000916.jpg,14,1
451,BRN3C2AF4AEB56C_0000000917.jpg,14,1
452,BRN3C2AF4AEB56C_0000000921.jpg,14,1
453,BRN3C2AF4AEB56C_0000000922.jpg,14,1
454,BRN3C2AF4AEB56C_0000000923.jpg,14,1
455,BRN3C2AF4AEB56C_0000000924.jpg,16,2
456,BRN3C2AF4AEB56C_0000000926.jpg,16,2
457,BRN3C2AF4AEB56C_0000000928.jpg,16,2
458,BRN3C2AF4AEB56C_0000000929.jpg,17,2
459,BRN3C2AF4AEB56C_0000000931.jpg,16,2
460,BRN3C2AF4AEB56C_0000000932.jpg,17,2
461,BRN3C2AF4AEB56C_0000000933.jpg,16,2
462,BRN3C2AF4AEB56C_0000000934.jpg,16,2
463,BRN3C2AF4AEB56C_0000000935.jpg,17,2
464,BRN3C2AF4AEB56C_0000000936.jpg,17,2
465,BRN3C2AF4AEB56C_0000000938.jpg,16,2
466,BRN3C2AF4AEB56C_0000000939.jpg,17,2
467,BRN3C2AF4AEB56C_0000000940.jpg,17,2
468,BRN3C2AF4AEB56C_0000000942.jpg,16,2
469,BRN3C2AF4AEB56C_0000000943.jpg,16,2
470,BRN3C2AF4AEB56C_0000000944.jpg,17,2
471,BRN3C2AF4AEB56C_0000000945.jpg,14,1
472,BRN3C2AF4AEB56C_0000000946.jpg,14,1
473,BRN3C2AF4AEB56C_0000000947.jpg,14,1
474,BRN3C2AF4AEB56C_0000000948.jpg,15,1
475,BRN3C2AF4AEB56C_0000000949.jpg,15,1
476,BRN3C2AF4AEB56C_0000000950.jpg,16,2
477,BRN3C2AF4AEB56C_0000000952.jpg,15,1
478,BRN3C2AF4AEB56C_0000000953.jpg,15,1
479,BRN3C2AF4AEB56C_0000000954.jpg,16,2
480,BRN3C2AF4AEB56C_0000000955.jpg,16,2
481,BRN3C2AF4AEB56C_0000000956.jpg,16,2
482,BRN3C2AF4AEB56C_0000000957.jpg,15,1
483,BRN3C2AF4AEB56C_0000000958.jpg,16,2
484,BRN3C2AF4AEB56C_0000000959.jpg,15,1
485,BRN3C2AF4AEB56C_0000000960.jpg,15,1
486,BRN3C2AF4AEB56C_0000000962.jpg,15,1
487,BRN3C2AF4AEB56C_0000000963.jpg,16,2
488,BRN3C2AF4AEB56C_0000000964.jpg,15,1
489,BRN3C2AF4AEB56C_0000000965.jpg,16,2
490,BRN3C2AF4AEB56C_0000000966.jpg,16,2
491,BRN3C2AF4AEB56C_0000000967.jpg,16,2
492,BRN3C2AF4AEB56C_0000000970.jpg,16,2
493,BRN3C2AF4AEB56C_0000000971.jpg,15,1
494,BRN3C2AF4AEB56C_0000000972.jpg,15,1
495,BRN3C2AF4AEB56C_0000000973.jpg,15,1
496,BRN3C2AF4AEB56C_0000000974.jpg,16,2
497,BRN3C2AF4AEB56C_0000000975.jpg,15,1
498,BRN3C2AF4AEB56C_0000000977.jpg,15,1
499,BRN3C2AF4AEB56C_0000000978.jpg,15,1
500,BRN3C2AF4AEB56C_0000000979.jpg,14,1
501,BRN3C2AF4AEB56C_0000000980.jpg,15,1
502,BRN3C2AF4AEB56C_0000000982.jpg,15,1
503,BRN3C2AF4AEB56C_0000000983.jpg,14,1
504,BRN3C2AF4AEB56C_0000000984.jpg,15,1
505,BRN3C2AF4AEB56C_0000000985.jpg,14,1
506,BRN3C2AF4AEB56C_0000000989.jpg,14,1
507,BRN3C2AF4AEB56C_0000000990.jpg,14,1
508,BRN3C2AF4AEB56C_0000000991.jpg,14,1
509,BRN3C2AF4AEB56C_0000000992.jpg,15,1
510,BRN3C2AF4AEB56C_0000000993.jpg,14,1
511,BRN3C2AF4AEB56C_0000000994.jpg,14,1
512,BRN3C2AF4AEB56C_0000000995.jpg,15,1
513,BRN3C2AF4AEB56C_0000000996.jpg,14,1
514,BRN3C2AF4AEB56C_0000000997.jpg,14,1
515,BRN3C2AF4AEB56C_0000000998.jpg,14,1
516,BRN3C2AF4AEB56C_0000000999.jpg,15,1
517,BRN3C2AF4AEB56C_0000001000.jpg,15,1
518,BRN3C2AF4AEB56C_0000001001.jpg,14,1
519,BRN3C2AF4AEB56C_0000001002.jpg,15,1
520,BRN3C2AF4AEB56C_0000001003.jpg,14,1
521,BRN3C2AF4AEB56C_0000001004.jpg,15,1
522,BRN3C2AF4AEB56C_0000001006.jpg,14,1
523,BRN3C2AF4AEB56C_0000001007.jpg,14,1
524,BRN3C2AF4AEB56C_0000001009.jpg,15,1
525,BRN3C2AF4AEB56C_0000001011.jpg,14,1
526,BRN3C2AF4AEB56C_0000001012.jpg,14,1
527,BRN3C2AF4AEB56C_0000001013.jpg,14,1
528,BRN3C2AF4AEB56C_0000001014.jpg,15,1
529,BRN3C2AF4AEB56C_0000001015.jpg,14,1
530,BRN3C2AF4AEB56C_0000001017.jpg,14,1
531,BRN3C2AF4AEB56C_0000001021.jpg,14,1
532,BRN3C2AF4AEB56C_0000001023.jpg,14,1
533,BRN3C2AF4AEB56C_0000001024.jpg,14,1
534,BRN3C2AF4AEB56C_0000001026.jpg,14,1
535,BRN3C2AF4AEB56C_0000001027.jpg,14,1
536,BRN3C2AF4AEB56C_0000001028.jpg,14,1
537,BRN3C2AF4AEB56C_0000001029.jpg,15,1
538,BRN3C2AF4AEB56C_0000001032.jpg,14,1
539,BRN3C2AF4AEB56C_0000001033.jpg,16,2
540,BRN3C2AF4AEB56C_0000001035.jpg,16,2
541,BRN3C2AF4AEB56C_0000001036.jpg,16,2
542,BRN3C2AF4AEB56C_0000001037.jpg,16,2
543,BRN3C2AF4AEB56C_0000001038.jpg,16,2
544,BRN3C2AF4AEB56C_0000001039.jpg,16,2
545,BRN3C2AF4AEB56C_0000001040.jpg,17,2
546,BRN3C2AF4AEB56C_0000001041.jpg,16,2
547,BRN3C2AF4AEB56C_0000001042.jpg,16,2
548,BRN3C2AF4AEB56C_0000001043.jpg,16,2
549,BRN3C2AF4AEB56C_0000001044.jpg,16,2
550,BRN3C2AF4AEB56C_0000001045.jpg,17,2
551,BRN3C2AF4AEB56C_0000001047.jpg,16,2
552,BRN3C2AF4AEB56C_0000001048.jpg,16,2
553,BRN3C2AF4AEB56C_0000001049.jpg,16,2
554,BRN3C2AF4AEB56C_0000001050.jpg,16,2
555,BRN3C2AF4AEB56C_0000001051.jpg,16,2
556,BRN3C2AF4AEB56C_0000001055.jpg,16,2
557,BRN3C2AF4AEB56C_0000001056.jpg,17,2
558,BRN3C2AF4AEB56C_0000001057.jpg,16,2
559,BRN3C2AF4AEB56C_0000001058.jpg,16,2
560,BRN3C2AF4AEB56C_0000001059.jpg,17,2
561,BRN3C2AF4AEB56C_0000001060.jpg,17,2
562,BRN3C2AF4AEB56C_0000001061.jpg,17,2
563,BRN3C2AF4AEB56C_0000001062.jpg,16,2
564,BRN3C2AF4AEB56C_0000001063.jpg,16,2
565,BRN3C2AF4AEB56C_0000001066.jpg,17,2
566,BRN3C2AF4AEB56C_0000001067.jpg,16,2
567,BRN3C2AF4AEB56C_0000001068.jpg,16,2
568,BRN3C2AF4AEB56C_0000001069.jpg,16,2
569,BRN3C2AF4AEB56C_0000001070.jpg,17,2
570,BRN3C2AF4AEB56C_0000001071.jpg,16,2
571,BRN3C2AF4AEB56C_0000001073.jpg,17,2
572,BRN3C2AF4AEB56C_0000001074.jpg,16,2
573,BRN3C2AF4AEB56C_0000001075.jpg,16,2
574,BRN3C2AF4AEB56C_0000001076.jpg,17,2
575,BRN3C2AF4AEB56C_0000001077.jpg,16,2
576,BRN3C2AF4AEB56C_0000001078.jpg,15,1
577,BRN3C2AF4AEB56C_0000001079.jpg,16,2
578,BRN3C2AF4AEB56C_0000001080.jpg,16,2
579,BRN3C2AF4AEB56C_0000001081.jpg,15,1
580,BRN3C2AF4AEB56C_0000001082.jpg,15,1
581,BRN3C2AF4AEB56C_0000001084.jpg,15,1
582,BRN3C2AF4AEB56C_0000001085.jpg,16,2
583,BRN3C2AF4AEB56C_0000001086.jpg,16,2
584,BRN3C2AF4AEB56C_0000001087.jpg,15,1
585,BRN3C2AF4AEB56C_0000001088.jpg,15,1
586,BRN3C2AF4AEB56C_0000001089.jpg,15,1
587,BRN3C2AF4AEB56C_0000001091.jpg,15,1
588,BRN3C2AF4AEB56C_0000001092.jpg,15,1
589,BRN3C2AF4AEB56C_0000001093.jpg,15,1
590,BRN3C2AF4AEB56C_0000001094.jpg,15,1
591,BRN3C2AF4AEB56C_0000001095.jpg,15,1
592,BRN3C2AF4AEB56C_0000001096.jpg,15,1
593,BRN3C2AF4AEB56C_0000001097.jpg,15,1
594,BRN3C2AF4AEB56C_0000001098.jpg,15,1
595,BRN3C2AF4AEB56C_0000001099.jpg,15,1
596,BRN3C2AF4AEB56C_0000001100.jpg,15,1
597,BRN3C2AF4AEB56C_0000001101.jpg,15,1
598,BRN3C2AF4AEB56C_0000001102.jpg,16,2
599,BRN3C2AF4AEB56C_0000001103.jpg,15,1
600,BRN3C2AF4AEB56C_0000001104.jpg,16,2
601,BRN3C2AF4AEB56C_0000001105.jpg,15,1
602,BRN3C2AF4AEB56C_0000001108.jpg,16,2
603,BRN3C2AF4AEB56C_0000001109.jpg,17,2
604,BRN3C2AF4AEB56C_0000001110.jpg,16,2
605,BRN3C2AF4AEB56C_0000001111.jpg,16,2
606,BRN3C2AF4AEB56C_0000001112.jpg,17,2
607,BRN3C2AF4AEB56C_0000001114.jpg,17,2
608,BRN3C2AF4AEB56C_0000001115.jpg,16,2
609,BRN3C2AF4AEB56C_0000001116.jpg,16,2
610,BRN3C2AF4AEB56C_0000001117.jpg,16,2
611,BRN3C2AF4AEB56C_0000001118.jpg,16,2
612,BRN3C2AF4AEB56C_0000001119.jpg,16,2
613,BRN3C2AF4AEB56C_0000001123.jpg,16,2
614,BRN3C2AF4AEB56C_0000001124.jpg,16,2
615,BRN3C2AF4AEB56C_0000001126.jpg,16,2
616,BRN3C2AF4AEB56C_0000001127.jpg,16,2
617,BRN3C2AF4AEB56C_0000001128.jpg,16,2
618,BRN3C2AF4AEB56C_0000001129.jpg,17,2
619,BRN3C2AF4AEB56C_0000001130.jpg,17,2
620,BRN3C2AF4AEB56C_0000001131.jpg,15,1
621,BRN3C2AF4AEB56C_0000001132.jpg,16,2
622,BRN3C2AF4AEB56C_0000001133.jpg,15,1
623,BRN3C2AF4AEB56C_0000001134.jpg,15,1
624,BRN3C2AF4AEB56C_0000001135.jpg,15,1
625,BRN3C2AF4AEB56C_0000001138.jpg,15,1
626,BRN3C2AF4AEB56C_0000001139.jpg,15,1
627,BRN3C2AF4AEB56C_0000001140.jpg,15,1
628,BRN3C2AF4AEB56C_0000001141.jpg,15,1
629,BRN3C2AF4AEB56C_0000001142.jpg,15,1
630,BRN3C2AF4AEB56C_0000001145.jpg,15,1
631,BRN3C2AF4AEB56C_0000001146.jpg,15,1
632,BRN3C2AF4AEB56C_0000001148.jpg,16,2
633,BRN3C2AF4AEB56C_0000001149.jpg,15,1
634,BRN3C2AF4AEB56C_0000001150.jpg,14,1
635,BRN3C2AF4AEB56C_0000001151.jpg,14,1
636,BRN3C2AF4AEB56C_0000001152.jpg,14,1
637,BRN3C2AF4AEB56C_0000001153.jpg,14,1
638,BRN3C2AF4AEB56C_0000001154.jpg,14,1
639,BRN3C2AF4AEB56C_0000001155.jpg,14,1
640,BRN3C2AF4AEB56C_0000001156.jpg,13,1
641,BRN3C2AF4AEB56C_0000001157.jpg,14,1
642,BRN3C2AF4AEB56C_0000001158.jpg,14,1
643,BRN3C2AF4AEB56C_0000001159.jpg,14,1
644,BRN3C2AF4AEB56C_0000001160.jpg,14,1
645,BRN3C2AF4AEB56C_0000001161.jpg,14,1
646,BRN3C2AF4AEB56C_0000001163.jpg,14,1
647,BRN3C2AF4AEB56C_0000001164.jpg,14,1
648,BRN3C2AF4AEB56C_0000001165.jpg,14,1
649,BRN3C2AF4AEB56C_0000001166.jpg,15,1
650,BRN3C2AF4AEB56C_0000001167.jpg,14,1
651,BRN3C2AF4AEB56C_0000001168.jpg,14,1
652,BRN3C2AF4AEB56C_0000001169.jpg,14,1
653,BRN3C2AF4AEB56C_0000001170.jpg,15,1
654,BRN3C2AF4AEB56C_0000001171.jpg,14,1
655,BRN3C2AF4AEB56C_0000001172.jpg,14,1
656,BRN3C2AF4AEB56C_0000001173.jpg,14,1
657,BRN3C2AF4AEB56C_0000001174.jpg,14,1
658,BRN3C2AF4AEB56C_0000001175.jpg,14,1
659,BRN3C2AF4AEB56C_0000001176.jpg,14,1
660,BRN3C2AF4AEB56C_0000001177.jpg,14,1
661,BRN3C2AF4AEB56C_0000001178.jpg,14,1
662,BRN3C2AF4AEB56C_0000001162.jpg,14,1
663,BRN3C2AF4AEB56C_0000001137.jpg,16,2
664,BRN3C2AF4AEB56C_0000001010.jpg,14,1
665,BRN3C2AF4AEB56C_0000000988.jpg,15,1
666,BRN3C2AF4AEB56C_0000000898.jpg,15,1
667,BRN3C2AF4AEB56C_0000001232.jpg,19,2
668,BRN3C2AF4AEB56C_0000001233.jpg,18,2
669,BRN3C2AF4AEB56C_0000001234.jpg,18,2
670,BRN3C2AF4AEB56C_0000001235.jpg,18,2
671,BRN3C2AF4AEB56C_0000001236.jpg,18,2
672,BRN3C2AF4AEB56C_0000001237.jpg,18,2
673,BRN3C2AF4AEB56C_0000001238.jpg,19,2
674,BRN3C2AF4AEB56C_0000001239.jpg,20,2
675,BRN3C2AF4AEB56C_0000001240.jpg,18,2
676,BRN3C2AF4AEB56C_0000001241.jpg,20,2
677,BRN3C2AF4AEB56C_0000001243.jpg,20,2
678,BRN3C2AF4AEB56C_0000001244.jpg,20,2
679,BRN3C2AF4AEB56C_0000001248.jpg,19,2
680,BRN3C2AF4AEB56C_0000001249.jpg,19,2
681,BRN3C2AF4AEB56C_0000001250.jpg,19,2
682,BRN3C2AF4AEB56C_0000001251.jpg,19,2
683,BRN3C2AF4AEB56C_0000001252.jpg,19,2
684,BRN3C2AF4AEB56C_0000001253.jpg,20,2
685,BRN3C2AF4AEB56C_0000001254.jpg,20,2
686,BRN3C2AF4AEB56C_0000001255.jpg,20,2
687,BRN3C2AF4AEB56C_0000001256.jpg,20,2
688,BRN3C2AF4AEB56C_0000001257.jpg,18,2
689,BRN3C2AF4AEB56C_0000001259.jpg,18,2
690,BRN3C2AF4AEB56C_0000001260.jpg,19,2
691,BRN3C2AF4AEB56C_0000001261.jpg,18,2
692,BRN3C2AF4AEB56C_0000001262.jpg,19,2
693,BRN3C2AF4AEB56C_0000001263.jpg,18,2
694,BRN3C2AF4AEB56C_0000001264.jpg,18,2
695,BRN3C2AF4AEB56C_0000001265.jpg,19,2
696,BRN3C2AF4AEB56C_0000001266.jpg,19,2
697,BRN3C2AF4AEB56C_0000001267.jpg,19,2
698,BRN3C2AF4AEB56C_0000001268.jpg,19,2
699,BRN3C2AF4AEB56C_0000001269.jpg,19,2
700,BRN3C2AF4AEB56C_0000001270.jpg,19,2
701,BRN3C2AF4AEB56C_0000001271.jpg,19,2
